block_prob,position,factor,cutoff,decay,baseline_mean_steps,robot_mean_steps,robot_std_steps,mean_escaped,mean_rate,reduction_percent
0.7,default,0.0,3.0,0.35,164.333,166.333,5.249,112.0,0.8,-1.217
0.7,default,0.0,3.0,0.5,164.333,166.333,5.249,112.0,0.8,-1.217
0.7,default,0.0,4.0,0.35,164.333,166.333,5.249,112.0,0.8,-1.217
0.7,default,0.0,4.0,0.5,164.333,166.333,5.249,112.0,0.8,-1.217
0.7,default,0.0,5.0,0.35,164.333,166.333,5.249,112.0,0.8,-1.217
0.7,default,0.0,5.0,0.5,164.333,166.333,5.249,112.0,0.8,-1.217
0.7,default,0.5,3.0,0.35,164.333,158.0,2.944,112.0,0.8,3.854
0.7,default,0.5,3.0,0.5,164.333,159.667,3.859,112.0,0.8,2.84
0.7,default,0.5,4.0,0.35,164.333,162.333,0.943,112.0,0.8,1.217
0.7,default,0.5,4.0,0.5,164.333,159.0,4.32,112.333,0.802,3.245
0.7,default,0.5,5.0,0.35,164.333,162.0,3.266,112.333,0.802,1.42
0.7,default,0.5,5.0,0.5,164.333,168.333,3.682,112.0,0.8,-2.434
0.7,default,0.8,3.0,0.35,164.333,148.333,0.943,112.0,0.8,9.736
0.7,default,0.8,3.0,0.5,164.333,155.0,2.16,112.0,0.8,5.68
0.7,default,0.8,4.0,0.35,164.333,157.0,1.414,112.0,0.8,4.462
0.7,default,0.8,4.0,0.5,164.333,158.0,3.559,112.333,0.802,3.854
0.7,default,0.8,5.0,0.35,164.333,155.333,3.399,112.0,0.8,5.477
0.7,default,0.8,5.0,0.5,164.333,160.667,0.471,112.0,0.8,2.231
0.7,default,1.0,3.0,0.35,164.333,146.0,0.816,112.0,0.8,11.156
0.7,default,1.0,3.0,0.5,164.333,146.0,0.816,112.0,0.8,11.156
0.7,default,1.0,4.0,0.35,164.333,161.333,4.497,112.0,0.8,1.826
0.7,default,1.0,4.0,0.5,164.333,152.0,2.944,112.333,0.802,7.505
0.7,default,1.0,5.0,0.35,164.333,200.0,0.0,96.667,0.69,-21.704
0.7,default,1.0,5.0,0.5,164.333,155.333,4.497,112.333,0.802,5.477
0.7,default,1.2,3.0,0.35,164.333,147.333,2.055,112.333,0.802,10.345
0.7,default,1.2,3.0,0.5,164.333,147.333,2.055,112.333,0.802,10.345
0.7,default,1.2,4.0,0.35,164.333,161.333,1.247,112.333,0.802,1.826
0.7,default,1.2,4.0,0.5,164.333,155.0,3.742,112.0,0.8,5.68
0.7,default,1.2,5.0,0.35,164.333,200.0,0.0,31.667,0.226,-21.704
0.7,default,1.2,5.0,0.5,164.333,156.333,0.943,112.333,0.802,4.868
0.7,exit_default,0.0,3.0,0.35,164.333,158.333,5.437,112.0,0.8,3.651
0.7,exit_default,0.0,3.0,0.5,164.333,158.333,5.437,112.0,0.8,3.651
0.7,exit_default,0.0,4.0,0.35,164.333,158.333,5.437,112.0,0.8,3.651
0.7,exit_default,0.0,4.0,0.5,164.333,158.333,5.437,112.0,0.8,3.651
0.7,exit_default,0.0,5.0,0.35,164.333,158.333,5.437,112.0,0.8,3.651
0.7,exit_default,0.0,5.0,0.5,164.333,158.333,5.437,112.0,0.8,3.651
0.7,exit_default,0.5,3.0,0.35,164.333,200.0,0.0,109.333,0.781,-21.704
0.7,exit_default,0.5,3.0,0.5,164.333,159.667,7.318,112.0,0.8,2.84
0.7,exit_default,0.5,4.0,0.35,164.333,154.333,2.055,112.0,0.8,6.085
0.7,exit_default,0.5,4.0,0.5,164.333,161.0,4.546,112.0,0.8,2.028
0.7,exit_default,0.5,5.0,0.35,164.333,156.333,1.7,112.333,0.802,4.868
0.7,exit_default,0.5,5.0,0.5,164.333,159.333,0.943,112.0,0.8,3.043
0.7,exit_default,0.8,3.0,0.35,164.333,200.0,0.0,31.667,0.226,-21.704
0.7,exit_default,0.8,3.0,0.5,164.333,200.0,0.0,81.333,0.581,-21.704
0.7,exit_default,0.8,4.0,0.35,164.333,200.0,0.0,69.333,0.495,-21.704
0.7,exit_default,0.8,4.0,0.5,164.333,186.333,8.807,112.0,0.8,-13.387
0.7,exit_default,0.8,5.0,0.35,164.333,171.0,4.32,112.0,0.8,-4.057
0.7,exit_default,0.8,5.0,0.5,164.333,152.0,2.16,112.0,0.8,7.505
0.7,exit_default,1.0,3.0,0.35,164.333,200.0,0.0,22.667,0.162,-21.704
0.7,exit_default,1.0,3.0,0.5,164.333,200.0,0.0,22.667,0.162,-21.704
0.7,exit_default,1.0,4.0,0.35,164.333,200.0,0.0,6.333,0.045,-21.704
0.7,exit_default,1.0,4.0,0.5,164.333,200.0,0.0,85.667,0.612,-21.704
0.7,exit_default,1.0,5.0,0.35,164.333,200.0,0.0,64.667,0.462,-21.704
0.7,exit_default,1.0,5.0,0.5,164.333,200.0,0.0,105.667,0.755,-21.704
0.7,exit_default,1.2,3.0,0.35,164.333,200.0,0.0,15.0,0.107,-21.704
0.7,exit_default,1.2,3.0,0.5,164.333,200.0,0.0,15.0,0.107,-21.704
0.7,exit_default,1.2,4.0,0.35,164.333,200.0,0.0,5.667,0.04,-21.704
0.7,exit_default,1.2,4.0,0.5,164.333,200.0,0.0,74.333,0.531,-21.704
0.7,exit_default,1.2,5.0,0.35,164.333,200.0,0.0,2.667,0.019,-21.704
0.7,exit_default,1.2,5.0,0.5,164.333,200.0,0.0,85.667,0.612,-21.704
0.7,upstream_exit,0.0,3.0,0.35,164.333,163.333,1.7,112.0,0.8,0.609
0.7,upstream_exit,0.0,3.0,0.5,164.333,163.333,1.7,112.0,0.8,0.609
0.7,upstream_exit,0.0,4.0,0.35,164.333,163.333,1.7,112.0,0.8,0.609
0.7,upstream_exit,0.0,4.0,0.5,164.333,163.333,1.7,112.0,0.8,0.609
0.7,upstream_exit,0.0,5.0,0.35,164.333,163.333,1.7,112.0,0.8,0.609
0.7,upstream_exit,0.0,5.0,0.5,164.333,163.333,1.7,112.0,0.8,0.609
0.7,upstream_exit,0.5,3.0,0.35,164.333,159.667,1.247,112.0,0.8,2.84
0.7,upstream_exit,0.5,3.0,0.5,164.333,161.0,6.377,112.0,0.8,2.028
0.7,upstream_exit,0.5,4.0,0.35,164.333,163.667,1.7,112.0,0.8,0.406
0.7,upstream_exit,0.5,4.0,0.5,164.333,164.667,6.182,112.333,0.802,-0.203
0.7,upstream_exit,0.5,5.0,0.35,164.333,164.0,2.449,112.0,0.8,0.203
0.7,upstream_exit,0.5,5.0,0.5,164.333,163.0,1.633,112.0,0.8,0.811
0.7,upstream_exit,0.8,3.0,0.35,164.333,157.0,3.559,112.333,0.802,4.462
0.7,upstream_exit,0.8,3.0,0.5,164.333,163.0,2.944,112.0,0.8,0.811
0.7,upstream_exit,0.8,4.0,0.35,164.333,148.0,1.414,112.0,0.8,9.939
0.7,upstream_exit,0.8,4.0,0.5,164.333,161.667,6.236,112.0,0.8,1.623
0.7,upstream_exit,0.8,5.0,0.35,164.333,160.0,4.967,112.333,0.802,2.637
0.7,upstream_exit,0.8,5.0,0.5,164.333,159.667,5.558,112.333,0.802,2.84
0.7,upstream_exit,1.0,3.0,0.35,164.333,157.333,4.497,112.333,0.802,4.26
0.7,upstream_exit,1.0,3.0,0.5,164.333,157.333,4.497,112.333,0.802,4.26
0.7,upstream_exit,1.0,4.0,0.35,164.333,148.333,1.886,112.333,0.802,9.736
0.7,upstream_exit,1.0,4.0,0.5,164.333,158.667,8.219,112.0,0.8,3.448
0.7,upstream_exit,1.0,5.0,0.35,164.333,152.333,2.055,112.0,0.8,7.302
0.7,upstream_exit,1.0,5.0,0.5,164.333,158.0,2.449,112.667,0.805,3.854
0.7,upstream_exit,1.2,3.0,0.35,164.333,157.333,4.497,112.333,0.802,4.26
0.7,upstream_exit,1.2,3.0,0.5,164.333,157.333,4.497,112.333,0.802,4.26
0.7,upstream_exit,1.2,4.0,0.35,164.333,148.333,1.886,112.333,0.802,9.736
0.7,upstream_exit,1.2,4.0,0.5,164.333,158.667,8.219,112.0,0.8,3.448
0.7,upstream_exit,1.2,5.0,0.35,164.333,200.0,0.0,38.0,0.271,-21.704
0.7,upstream_exit,1.2,5.0,0.5,164.333,157.0,3.559,112.0,0.8,4.462
0.7,behind_exit,0.0,3.0,0.35,164.333,163.667,3.091,112.0,0.8,0.406
0.7,behind_exit,0.0,3.0,0.5,164.333,163.667,3.091,112.0,0.8,0.406
0.7,behind_exit,0.0,4.0,0.35,164.333,163.667,3.091,112.0,0.8,0.406
0.7,behind_exit,0.0,4.0,0.5,164.333,163.667,3.091,112.0,0.8,0.406
0.7,behind_exit,0.0,5.0,0.35,164.333,163.667,3.091,112.0,0.8,0.406
0.7,behind_exit,0.0,5.0,0.5,164.333,163.667,3.091,112.0,0.8,0.406
0.7,behind_exit,0.5,3.0,0.35,164.333,162.667,4.643,112.0,0.8,1.014
0.7,behind_exit,0.5,3.0,0.5,164.333,164.667,2.494,112.0,0.8,-0.203
0.7,behind_exit,0.5,4.0,0.35,164.333,163.0,2.828,112.0,0.8,0.811
0.7,behind_exit,0.5,4.0,0.5,164.333,162.667,2.055,112.0,0.8,1.014
0.7,behind_exit,0.5,5.0,0.35,164.333,165.0,2.944,112.333,0.802,-0.406
0.7,behind_exit,0.5,5.0,0.5,164.333,162.0,4.082,112.0,0.8,1.42
0.7,behind_exit,0.8,3.0,0.35,164.333,170.667,6.342,112.333,0.802,-3.854
0.7,behind_exit,0.8,3.0,0.5,164.333,164.333,6.944,112.0,0.8,0.0
0.7,behind_exit,0.8,4.0,0.35,164.333,166.667,0.471,112.0,0.8,-1.42
0.7,behind_exit,0.8,4.0,0.5,164.333,163.667,2.494,112.0,0.8,0.406
0.7,behind_exit,0.8,5.0,0.35,164.333,162.667,2.867,112.0,0.8,1.014
0.7,behind_exit,0.8,5.0,0.5,164.333,160.333,2.357,112.333,0.802,2.434
0.7,behind_exit,1.0,3.0,0.35,164.333,167.333,4.497,112.0,0.8,-1.826
0.7,behind_exit,1.0,3.0,0.5,164.333,167.333,4.497,112.0,0.8,-1.826
0.7,behind_exit,1.0,4.0,0.35,164.333,165.333,2.625,112.333,0.802,-0.609
0.7,behind_exit,1.0,4.0,0.5,164.333,167.0,3.559,112.0,0.8,-1.623
0.7,behind_exit,1.0,5.0,0.35,164.333,166.0,5.354,112.0,0.8,-1.014
0.7,behind_exit,1.0,5.0,0.5,164.333,160.333,2.867,112.0,0.8,2.434
0.7,behind_exit,1.2,3.0,0.35,164.333,167.333,4.497,112.0,0.8,-1.826
0.7,behind_exit,1.2,3.0,0.5,164.333,167.333,4.497,112.0,0.8,-1.826
0.7,behind_exit,1.2,4.0,0.35,164.333,165.667,2.357,112.0,0.8,-0.811
0.7,behind_exit,1.2,4.0,0.5,164.333,167.0,3.559,112.0,0.8,-1.623
0.7,behind_exit,1.2,5.0,0.35,164.333,159.333,1.7,112.0,0.8,3.043
0.7,behind_exit,1.2,5.0,0.5,164.333,160.333,3.859,112.333,0.802,2.434
0.8,default,0.0,3.0,0.35,174.0,177.333,3.399,112.0,0.8,-1.916
0.8,default,0.0,3.0,0.5,174.0,177.333,3.399,112.0,0.8,-1.916
0.8,default,0.0,4.0,0.35,174.0,177.333,3.399,112.0,0.8,-1.916
0.8,default,0.0,4.0,0.5,174.0,177.333,3.399,112.0,0.8,-1.916
0.8,default,0.0,5.0,0.35,174.0,177.333,3.399,112.0,0.8,-1.916
0.8,default,0.0,5.0,0.5,174.0,177.333,3.399,112.0,0.8,-1.916
0.8,default,0.5,3.0,0.35,174.0,160.667,6.018,112.0,0.8,7.663
0.8,default,0.5,3.0,0.5,174.0,176.667,14.817,112.333,0.802,-1.533
0.8,default,0.5,4.0,0.35,174.0,171.333,4.643,112.0,0.8,1.533
0.8,default,0.5,4.0,0.5,174.0,175.0,3.559,112.667,0.805,-0.575
0.8,default,0.5,5.0,0.35,174.0,175.667,7.134,112.333,0.802,-0.958
0.8,default,0.5,5.0,0.5,174.0,179.667,9.428,112.667,0.805,-3.257
0.8,default,0.8,3.0,0.35,174.0,161.333,5.558,112.0,0.8,7.28
0.8,default,0.8,3.0,0.5,174.0,157.333,3.399,112.0,0.8,9.579
0.8,default,0.8,4.0,0.35,174.0,168.333,6.128,112.0,0.8,3.257
0.8,default,0.8,4.0,0.5,174.0,170.667,3.091,112.0,0.8,1.916
0.8,default,0.8,5.0,0.35,174.0,174.333,6.342,112.333,0.802,-0.192
0.8,default,0.8,5.0,0.5,174.0,169.333,4.19,112.0,0.8,2.682
0.8,default,1.0,3.0,0.35,174.0,161.667,4.028,112.333,0.802,7.088
0.8,default,1.0,3.0,0.5,174.0,161.667,4.028,112.333,0.802,7.088
0.8,default,1.0,4.0,0.35,174.0,176.333,3.091,112.0,0.8,-1.341
0.8,default,1.0,4.0,0.5,174.0,165.667,1.7,112.0,0.8,4.789
0.8,default,1.0,5.0,0.35,174.0,200.0,0.0,80.0,0.571,-14.943
0.8,default,1.0,5.0,0.5,174.0,170.0,3.559,112.333,0.802,2.299
0.8,default,1.2,3.0,0.35,174.0,162.667,4.989,112.333,0.802,6.513
0.8,default,1.2,3.0,0.5,174.0,162.667,4.989,112.333,0.802,6.513
0.8,default,1.2,4.0,0.35,174.0,176.333,3.091,112.0,0.8,-1.341
0.8,default,1.2,4.0,0.5,174.0,173.667,2.867,112.0,0.8,0.192
0.8,default,1.2,5.0,0.35,174.0,200.0,0.0,25.667,0.183,-14.943
0.8,default,1.2,5.0,0.5,174.0,177.333,8.994,112.0,0.8,-1.916
0.8,exit_default,0.0,3.0,0.35,174.0,167.333,7.409,112.0,0.8,3.831
0.8,exit_default,0.0,3.0,0.5,174.0,167.333,7.409,112.0,0.8,3.831
0.8,exit_default,0.0,4.0,0.35,174.0,167.333,7.409,112.0,0.8,3.831
0.8,exit_default,0.0,4.0,0.5,174.0,167.333,7.409,112.0,0.8,3.831
0.8,exit_default,0.0,5.0,0.35,174.0,167.333,7.409,112.0,0.8,3.831
0.8,exit_default,0.0,5.0,0.5,174.0,167.333,7.409,112.0,0.8,3.831
0.8,exit_default,0.5,3.0,0.35,174.0,200.0,0.0,95.0,0.679,-14.943
0.8,exit_default,0.5,3.0,0.5,174.0,166.333,6.128,112.0,0.8,4.406
0.8,exit_default,0.5,4.0,0.35,174.0,159.0,0.816,112.0,0.8,8.621
0.8,exit_default,0.5,4.0,0.5,174.0,157.0,4.546,112.333,0.802,9.77
0.8,exit_default,0.5,5.0,0.35,174.0,161.0,3.742,112.333,0.802,7.471
0.8,exit_default,0.5,5.0,0.5,174.0,157.333,5.437,112.0,0.8,9.579
0.8,exit_default,0.8,3.0,0.35,174.0,200.0,0.0,21.0,0.15,-14.943
0.8,exit_default,0.8,3.0,0.5,174.0,200.0,0.0,59.667,0.426,-14.943
0.8,exit_default,0.8,4.0,0.35,174.0,200.0,0.0,60.333,0.431,-14.943
0.8,exit_default,0.8,4.0,0.5,174.0,200.0,0.0,94.667,0.676,-14.943
0.8,exit_default,0.8,5.0,0.35,174.0,187.667,6.944,112.0,0.8,-7.854
0.8,exit_default,0.8,5.0,0.5,174.0,165.667,6.018,112.0,0.8,4.789
0.8,exit_default,1.0,3.0,0.35,174.0,200.0,0.0,16.0,0.114,-14.943
0.8,exit_default,1.0,3.0,0.5,174.0,200.0,0.0,16.0,0.114,-14.943
0.8,exit_default,1.0,4.0,0.35,174.0,200.0,0.0,5.667,0.04,-14.943
0.8,exit_default,1.0,4.0,0.5,174.0,200.0,0.0,69.667,0.498,-14.943
0.8,exit_default,1.0,5.0,0.35,174.0,200.0,0.0,50.667,0.362,-14.943
0.8,exit_default,1.0,5.0,0.5,174.0,200.0,0.0,95.667,0.683,-14.943
0.8,exit_default,1.2,3.0,0.35,174.0,200.0,0.0,16.333,0.117,-14.943
0.8,exit_default,1.2,3.0,0.5,174.0,200.0,0.0,16.333,0.117,-14.943
0.8,exit_default,1.2,4.0,0.35,174.0,200.0,0.0,6.333,0.045,-14.943
0.8,exit_default,1.2,4.0,0.5,174.0,200.0,0.0,52.667,0.376,-14.943
0.8,exit_default,1.2,5.0,0.35,174.0,200.0,0.0,1.667,0.012,-14.943
0.8,exit_default,1.2,5.0,0.5,174.0,200.0,0.0,66.0,0.471,-14.943
0.8,upstream_exit,0.0,3.0,0.35,174.0,183.0,10.424,112.0,0.8,-5.172
0.8,upstream_exit,0.0,3.0,0.5,174.0,183.0,10.424,112.0,0.8,-5.172
0.8,upstream_exit,0.0,4.0,0.35,174.0,183.0,10.424,112.0,0.8,-5.172
0.8,upstream_exit,0.0,4.0,0.5,174.0,183.0,10.424,112.0,0.8,-5.172
0.8,upstream_exit,0.0,5.0,0.35,174.0,183.0,10.424,112.0,0.8,-5.172
0.8,upstream_exit,0.0,5.0,0.5,174.0,183.0,10.424,112.0,0.8,-5.172
0.8,upstream_exit,0.5,3.0,0.35,174.0,169.333,4.643,112.0,0.8,2.682
0.8,upstream_exit,0.5,3.0,0.5,174.0,179.667,4.028,112.333,0.802,-3.257
0.8,upstream_exit,0.5,4.0,0.35,174.0,169.667,4.784,112.667,0.805,2.49
0.8,upstream_exit,0.5,4.0,0.5,174.0,175.667,6.549,112.0,0.8,-0.958
0.8,upstream_exit,0.5,5.0,0.35,174.0,172.0,3.559,112.333,0.802,1.149
0.8,upstream_exit,0.5,5.0,0.5,174.0,182.667,5.249,112.333,0.802,-4.981
0.8,upstream_exit,0.8,3.0,0.35,174.0,152.667,3.3,112.0,0.8,12.261
0.8,upstream_exit,0.8,3.0,0.5,174.0,173.333,11.086,112.333,0.802,0.383
0.8,upstream_exit,0.8,4.0,0.35,174.0,147.667,2.055,112.0,0.8,15.134
0.8,upstream_exit,0.8,4.0,0.5,174.0,168.0,2.16,112.0,0.8,3.448
0.8,upstream_exit,0.8,5.0,0.35,174.0,162.0,9.933,112.333,0.802,6.897
0.8,upstream_exit,0.8,5.0,0.5,174.0,176.667,8.055,112.0,0.8,-1.533
0.8,upstream_exit,1.0,3.0,0.35,174.0,151.333,3.3,112.0,0.8,13.027
0.8,upstream_exit,1.0,3.0,0.5,174.0,151.333,3.3,112.0,0.8,13.027
0.8,upstream_exit,1.0,4.0,0.35,174.0,150.333,0.471,112.333,0.802,13.602
0.8,upstream_exit,1.0,4.0,0.5,174.0,149.667,2.494,112.333,0.802,13.985
0.8,upstream_exit,1.0,5.0,0.35,174.0,164.0,8.524,112.0,0.8,5.747
0.8,upstream_exit,1.0,5.0,0.5,174.0,164.333,5.437,112.333,0.802,5.556
0.8,upstream_exit,1.2,3.0,0.35,174.0,151.333,3.3,112.0,0.8,13.027
0.8,upstream_exit,1.2,3.0,0.5,174.0,151.333,3.3,112.0,0.8,13.027
0.8,upstream_exit,1.2,4.0,0.35,174.0,150.333,0.471,112.333,0.802,13.602
0.8,upstream_exit,1.2,4.0,0.5,174.0,151.667,1.886,112.333,0.802,12.835
0.8,upstream_exit,1.2,5.0,0.35,174.0,200.0,0.0,42.667,0.305,-14.943
0.8,upstream_exit,1.2,5.0,0.5,174.0,169.667,8.26,112.333,0.802,2.49
0.8,behind_exit,0.0,3.0,0.35,174.0,178.0,2.449,112.0,0.8,-2.299
0.8,behind_exit,0.0,3.0,0.5,174.0,178.0,2.449,112.0,0.8,-2.299
0.8,behind_exit,0.0,4.0,0.35,174.0,178.0,2.449,112.0,0.8,-2.299
0.8,behind_exit,0.0,4.0,0.5,174.0,178.0,2.449,112.0,0.8,-2.299
0.8,behind_exit,0.0,5.0,0.35,174.0,178.0,2.449,112.0,0.8,-2.299
0.8,behind_exit,0.0,5.0,0.5,174.0,178.0,2.449,112.0,0.8,-2.299
0.8,behind_exit,0.5,3.0,0.35,174.0,194.0,3.742,112.333,0.802,-11.494
0.8,behind_exit,0.5,3.0,0.5,174.0,179.333,8.26,112.0,0.8,-3.065
0.8,behind_exit,0.5,4.0,0.35,174.0,183.333,7.318,112.0,0.8,-5.364
0.8,behind_exit,0.5,4.0,0.5,174.0,181.667,8.731,112.0,0.8,-4.406
0.8,behind_exit,0.5,5.0,0.35,174.0,183.333,3.091,112.333,0.802,-5.364
0.8,behind_exit,0.5,5.0,0.5,174.0,186.0,9.626,112.333,0.802,-6.897
0.8,behind_exit,0.8,3.0,0.35,174.0,171.333,2.625,112.667,0.805,1.533
0.8,behind_exit,0.8,3.0,0.5,174.0,197.0,2.828,112.333,0.802,-13.218
0.8,behind_exit,0.8,4.0,0.35,174.0,172.333,8.34,112.0,0.8,0.958
0.8,behind_exit,0.8,4.0,0.5,174.0,183.333,7.318,112.0,0.8,-5.364
0.8,behind_exit,0.8,5.0,0.35,174.0,172.667,1.7,112.667,0.805,0.766
0.8,behind_exit,0.8,5.0,0.5,174.0,180.667,3.682,112.0,0.8,-3.831
0.8,behind_exit,1.0,3.0,0.35,174.0,173.333,5.437,112.333,0.802,0.383
0.8,behind_exit,1.0,3.0,0.5,174.0,173.333,5.437,112.333,0.802,0.383
0.8,behind_exit,1.0,4.0,0.35,174.0,174.0,15.748,112.0,0.8,0.0
0.8,behind_exit,1.0,4.0,0.5,174.0,174.667,2.867,112.0,0.8,-0.383
0.8,behind_exit,1.0,5.0,0.35,174.0,159.333,6.944,112.0,0.8,8.429
0.8,behind_exit,1.0,5.0,0.5,174.0,176.667,11.813,112.0,0.8,-1.533
0.8,behind_exit,1.2,3.0,0.35,174.0,173.333,5.437,112.333,0.802,0.383
0.8,behind_exit,1.2,3.0,0.5,174.0,173.333,5.437,112.333,0.802,0.383
0.8,behind_exit,1.2,4.0,0.35,174.0,174.0,15.748,112.0,0.8,0.0
0.8,behind_exit,1.2,4.0,0.5,174.0,174.667,2.867,112.0,0.8,-0.383
0.8,behind_exit,1.2,5.0,0.35,174.0,154.667,0.943,112.333,0.802,11.111
0.8,behind_exit,1.2,5.0,0.5,174.0,179.667,5.793,112.333,0.802,-3.257
0.9,default,0.0,3.0,0.35,171.667,168.333,4.497,112.0,0.8,1.942
0.9,default,0.0,3.0,0.5,171.667,168.333,4.497,112.0,0.8,1.942
0.9,default,0.0,4.0,0.35,171.667,168.333,4.497,112.0,0.8,1.942
0.9,default,0.0,4.0,0.5,171.667,168.333,4.497,112.0,0.8,1.942
0.9,default,0.0,5.0,0.35,171.667,168.333,4.497,112.0,0.8,1.942
0.9,default,0.0,5.0,0.5,171.667,168.333,4.497,112.0,0.8,1.942
0.9,default,0.5,3.0,0.35,171.667,175.667,8.731,112.0,0.8,-2.33
0.9,default,0.5,3.0,0.5,171.667,176.333,5.249,112.333,0.802,-2.718
0.9,default,0.5,4.0,0.35,171.667,185.0,6.683,112.0,0.8,-7.767
0.9,default,0.5,4.0,0.5,171.667,185.0,12.754,112.0,0.8,-7.767
0.9,default,0.5,5.0,0.35,171.667,183.333,2.625,112.333,0.802,-6.796
0.9,default,0.5,5.0,0.5,171.667,183.667,11.557,111.333,0.795,-6.99
0.9,default,0.8,3.0,0.35,171.667,181.0,13.928,110.333,0.788,-5.437
0.9,default,0.8,3.0,0.5,171.667,176.0,6.164,112.0,0.8,-2.524
0.9,default,0.8,4.0,0.35,171.667,194.667,7.542,111.667,0.798,-13.398
0.9,default,0.8,4.0,0.5,171.667,190.333,6.848,111.333,0.795,-10.874
0.9,default,0.8,5.0,0.35,171.667,200.0,0.0,98.0,0.7,-16.505
0.9,default,0.8,5.0,0.5,171.667,198.333,2.357,109.667,0.783,-15.534
0.9,default,1.0,3.0,0.35,171.667,177.667,14.384,112.0,0.8,-3.495
0.9,default,1.0,3.0,0.5,171.667,177.667,14.384,112.0,0.8,-3.495
0.9,default,1.0,4.0,0.35,171.667,191.0,6.377,112.0,0.8,-11.262
0.9,default,1.0,4.0,0.5,171.667,197.333,3.771,109.333,0.781,-14.951
0.9,default,1.0,5.0,0.35,171.667,200.0,0.0,51.667,0.369,-16.505
0.9,default,1.0,5.0,0.5,171.667,200.0,0.0,101.667,0.726,-16.505
0.9,default,1.2,3.0,0.35,171.667,167.0,6.164,112.0,0.8,2.718
0.9,default,1.2,3.0,0.5,171.667,167.0,6.164,112.0,0.8,2.718
0.9,default,1.2,4.0,0.35,171.667,189.667,6.549,112.0,0.8,-10.485
0.9,default,1.2,4.0,0.5,171.667,199.333,0.943,109.667,0.783,-16.117
0.9,default,1.2,5.0,0.35,171.667,200.0,0.0,16.667,0.119,-16.505
0.9,default,1.2,5.0,0.5,171.667,196.0,5.657,100.0,0.714,-14.175
0.9,exit_default,0.0,3.0,0.35,171.667,167.333,7.364,112.333,0.802,2.524
0.9,exit_default,0.0,3.0,0.5,171.667,167.333,7.364,112.333,0.802,2.524
0.9,exit_default,0.0,4.0,0.35,171.667,167.333,7.364,112.333,0.802,2.524
0.9,exit_default,0.0,4.0,0.5,171.667,167.333,7.364,112.333,0.802,2.524
0.9,exit_default,0.0,5.0,0.35,171.667,167.333,7.364,112.333,0.802,2.524
0.9,exit_default,0.0,5.0,0.5,171.667,167.333,7.364,112.333,0.802,2.524
0.9,exit_default,0.5,3.0,0.35,171.667,200.0,0.0,68.0,0.486,-16.505
0.9,exit_default,0.5,3.0,0.5,171.667,191.667,6.549,112.0,0.8,-11.65
0.9,exit_default,0.5,4.0,0.35,171.667,193.0,2.449,112.0,0.8,-12.427
0.9,exit_default,0.5,4.0,0.5,171.667,158.667,3.771,112.333,0.802,7.573
0.9,exit_default,0.5,5.0,0.35,171.667,157.0,8.832,112.0,0.8,8.544
0.9,exit_default,0.5,5.0,0.5,171.667,159.667,6.128,112.0,0.8,6.99
0.9,exit_default,0.8,3.0,0.35,171.667,200.0,0.0,14.667,0.105,-16.505
0.9,exit_default,0.8,3.0,0.5,171.667,200.0,0.0,41.667,0.298,-16.505
0.9,exit_default,0.8,4.0,0.35,171.667,200.0,0.0,46.0,0.329,-16.505
0.9,exit_default,0.8,4.0,0.5,171.667,200.0,0.0,68.0,0.486,-16.505
0.9,exit_default,0.8,5.0,0.35,171.667,200.0,0.0,91.333,0.652,-16.505
0.9,exit_default,0.8,5.0,0.5,171.667,200.0,0.0,106.333,0.76,-16.505
0.9,exit_default,1.0,3.0,0.35,171.667,200.0,0.0,10.667,0.076,-16.505
0.9,exit_default,1.0,3.0,0.5,171.667,200.0,0.0,10.667,0.076,-16.505
0.9,exit_default,1.0,4.0,0.35,171.667,200.0,0.0,4.333,0.031,-16.505
0.9,exit_default,1.0,4.0,0.5,171.667,200.0,0.0,45.667,0.326,-16.505
0.9,exit_default,1.0,5.0,0.35,171.667,200.0,0.0,35.667,0.255,-16.505
0.9,exit_default,1.0,5.0,0.5,171.667,200.0,0.0,61.333,0.438,-16.505
0.9,exit_default,1.2,3.0,0.35,171.667,200.0,0.0,11.667,0.083,-16.505
0.9,exit_default,1.2,3.0,0.5,171.667,200.0,0.0,11.667,0.083,-16.505
0.9,exit_default,1.2,4.0,0.35,171.667,200.0,0.0,5.667,0.04,-16.505
0.9,exit_default,1.2,4.0,0.5,171.667,200.0,0.0,28.667,0.205,-16.505
0.9,exit_default,1.2,5.0,0.35,171.667,200.0,0.0,1.0,0.007,-16.505
0.9,exit_default,1.2,5.0,0.5,171.667,200.0,0.0,42.333,0.302,-16.505
0.9,upstream_exit,0.0,3.0,0.35,171.667,169.333,2.055,112.0,0.8,1.359
0.9,upstream_exit,0.0,3.0,0.5,171.667,169.333,2.055,112.0,0.8,1.359
0.9,upstream_exit,0.0,4.0,0.35,171.667,169.333,2.055,112.0,0.8,1.359
0.9,upstream_exit,0.0,4.0,0.5,171.667,169.333,2.055,112.0,0.8,1.359
0.9,upstream_exit,0.0,5.0,0.35,171.667,169.333,2.055,112.0,0.8,1.359
0.9,upstream_exit,0.0,5.0,0.5,171.667,169.333,2.055,112.0,0.8,1.359
0.9,upstream_exit,0.5,3.0,0.35,171.667,152.333,0.471,112.0,0.8,11.262
0.9,upstream_exit,0.5,3.0,0.5,171.667,171.667,8.807,112.0,0.8,0.0
0.9,upstream_exit,0.5,4.0,0.35,171.667,158.0,0.816,112.0,0.8,7.961
0.9,upstream_exit,0.5,4.0,0.5,171.667,165.0,15.578,112.0,0.8,3.883
0.9,upstream_exit,0.5,5.0,0.35,171.667,157.0,4.967,112.333,0.802,8.544
0.9,upstream_exit,0.5,5.0,0.5,171.667,166.0,7.874,112.333,0.802,3.301
0.9,upstream_exit,0.8,3.0,0.35,171.667,150.0,4.967,112.333,0.802,12.621
0.9,upstream_exit,0.8,3.0,0.5,171.667,148.0,1.414,112.0,0.8,13.786
0.9,upstream_exit,0.8,4.0,0.35,171.667,145.667,2.357,112.0,0.8,15.146
0.9,upstream_exit,0.8,4.0,0.5,171.667,156.0,2.16,112.667,0.805,9.126
0.9,upstream_exit,0.8,5.0,0.35,171.667,154.667,6.65,112.0,0.8,9.903
0.9,upstream_exit,0.8,5.0,0.5,171.667,156.667,4.497,112.333,0.802,8.738
0.9,upstream_exit,1.0,3.0,0.35,171.667,150.0,4.967,112.333,0.802,12.621
0.9,upstream_exit,1.0,3.0,0.5,171.667,150.0,4.967,112.333,0.802,12.621
0.9,upstream_exit,1.0,4.0,0.35,171.667,147.0,2.16,112.333,0.802,14.369
0.9,upstream_exit,1.0,4.0,0.5,171.667,148.667,3.091,112.333,0.802,13.398
0.9,upstream_exit,1.0,5.0,0.35,171.667,193.667,4.643,111.0,0.793,-12.816
0.9,upstream_exit,1.0,5.0,0.5,171.667,150.333,4.028,112.333,0.802,12.427
0.9,upstream_exit,1.2,3.0,0.35,171.667,150.0,4.967,112.333,0.802,12.621
0.9,upstream_exit,1.2,3.0,0.5,171.667,150.0,4.967,112.333,0.802,12.621
0.9,upstream_exit,1.2,4.0,0.35,171.667,147.0,2.16,112.333,0.802,14.369
0.9,upstream_exit,1.2,4.0,0.5,171.667,147.667,1.7,112.0,0.8,13.981
0.9,upstream_exit,1.2,5.0,0.35,171.667,200.0,0.0,30.333,0.217,-16.505
0.9,upstream_exit,1.2,5.0,0.5,171.667,149.333,3.3,112.333,0.802,13.01
0.9,behind_exit,0.0,3.0,0.35,171.667,161.333,5.558,112.333,0.802,6.019
0.9,behind_exit,0.0,3.0,0.5,171.667,161.333,5.558,112.333,0.802,6.019
0.9,behind_exit,0.0,4.0,0.35,171.667,161.333,5.558,112.333,0.802,6.019
0.9,behind_exit,0.0,4.0,0.5,171.667,161.333,5.558,112.333,0.802,6.019
0.9,behind_exit,0.0,5.0,0.35,171.667,161.333,5.558,112.333,0.802,6.019
0.9,behind_exit,0.0,5.0,0.5,171.667,161.333,5.558,112.333,0.802,6.019
0.9,behind_exit,0.5,3.0,0.35,171.667,175.0,8.042,112.0,0.8,-1.942
0.9,behind_exit,0.5,3.0,0.5,171.667,166.667,7.318,112.333,0.802,2.913
0.9,behind_exit,0.5,4.0,0.35,171.667,180.0,15.253,111.667,0.798,-4.854
0.9,behind_exit,0.5,4.0,0.5,171.667,174.667,16.049,112.0,0.8,-1.748
0.9,behind_exit,0.5,5.0,0.35,171.667,178.667,5.437,112.0,0.8,-4.078
0.9,behind_exit,0.5,5.0,0.5,171.667,169.333,7.93,112.333,0.802,1.359
0.9,behind_exit,0.8,3.0,0.35,171.667,156.667,4.922,112.667,0.805,8.738
0.9,behind_exit,0.8,3.0,0.5,171.667,172.0,8.602,112.0,0.8,-0.194
0.9,behind_exit,0.8,4.0,0.35,171.667,157.333,4.19,112.0,0.8,8.35
0.9,behind_exit,0.8,4.0,0.5,171.667,166.333,7.717,112.0,0.8,3.107
0.9,behind_exit,0.8,5.0,0.35,171.667,163.0,5.354,112.0,0.8,5.049
0.9,behind_exit,0.8,5.0,0.5,171.667,175.333,12.815,112.0,0.8,-2.136
0.9,behind_exit,1.0,3.0,0.35,171.667,158.0,6.683,112.333,0.802,7.961
0.9,behind_exit,1.0,3.0,0.5,171.667,158.0,6.683,112.333,0.802,7.961
0.9,behind_exit,1.0,4.0,0.35,171.667,153.667,3.091,112.0,0.8,10.485
0.9,behind_exit,1.0,4.0,0.5,171.667,168.0,16.31,112.333,0.802,2.136
0.9,behind_exit,1.0,5.0,0.35,171.667,154.0,6.683,112.333,0.802,10.291
0.9,behind_exit,1.0,5.0,0.5,171.667,171.667,20.369,112.0,0.8,0.0
0.9,behind_exit,1.2,3.0,0.35,171.667,158.0,6.683,112.333,0.802,7.961
0.9,behind_exit,1.2,3.0,0.5,171.667,158.0,6.683,112.333,0.802,7.961
0.9,behind_exit,1.2,4.0,0.35,171.667,153.667,3.091,112.0,0.8,10.485
0.9,behind_exit,1.2,4.0,0.5,171.667,168.0,16.31,112.333,0.802,2.136
0.9,behind_exit,1.2,5.0,0.35,171.667,152.667,0.471,112.0,0.8,11.068
0.9,behind_exit,1.2,5.0,0.5,171.667,161.667,5.249,112.333,0.802,5.825
